FirstName,LastName,Email,PhoneNumber
ABC224,PQR224,ABC224_PQR224@gmail.com,550036633
ABC224,PQR224,ABC224_PQR224@gmail.com,550036633
ABC224,PQR224,ABC224_PQR224@gmail.com,550036633
ABC224,PQR224,ABC224_PQR224@gmail.com,550036633
ABC224,PQR224,ABC224_PQR224@gmail.com,550036633
ABC224,PQR224,ABC224_PQR224@gmail.com,550036633
ABC224,PQR224,ABC224_PQR224@gmail.com,550036633
ABC224,PQR224,ABC224_PQR224@gmail.com,550036633
ABC224,PQR224,ABC224_PQR224@gmail.com,550036633
ABC151,PQR151,ABC151_PQR151@gmail.com,127287839
ABC326,PQR326,ABC326_PQR326@gmail.com,887906766
ABC109,PQR109,ABC109_PQR109@gmail.com,942722572
ABC261,PQR261,ABC261_PQR261@gmail.com,212294719
ABC132,PQR132,ABC132_PQR132@gmail.com,287031924
ABC255,PQR255,ABC255_PQR255@gmail.com,404244903
ABC376,PQR376,ABC376_PQR376@gmail.com,352841521
ABC275,PQR275,ABC275_PQR275@gmail.com,795874311
ABC410,PQR410,ABC410_PQR410@gmail.com,603719699
ABC453,PQR453,ABC453_PQR453@gmail.com,998823491
ABC104,PQR104,ABC104_PQR104@gmail.com,552880812
ABC264,PQR264,ABC264_PQR264@gmail.com,593784910
ABC305,PQR305,ABC305_PQR305@gmail.com,599708776
ABC360,PQR360,ABC360_PQR360@gmail.com,160991912
ABC436,PQR436,ABC436_PQR436@gmail.com,907789473
ABC382,PQR382,ABC382_PQR382@gmail.com,474202749
ABC104,PQR104,ABC104_PQR104@gmail.com,989535513
ABC419,PQR419,ABC419_PQR419@gmail.com,281806111
ABC449,PQR449,ABC449_PQR449@gmail.com,888642821
ABC192,PQR192,ABC192_PQR192@gmail.com,618726076
ABC117,PQR117,ABC117_PQR117@gmail.com,563603109
ABC471,PQR471,ABC471_PQR471@gmail.com,852786501
ABC162,PQR162,ABC162_PQR162@gmail.com,532167917
ABC410,PQR410,ABC410_PQR410@gmail.com,955735011
ABC377,PQR377,ABC377_PQR377@gmail.com,275415077
ABC426,PQR426,ABC426_PQR426@gmail.com,317434919
ABC438,PQR438,ABC438_PQR438@gmail.com,215136090
ABC243,PQR243,ABC243_PQR243@gmail.com,643326216
ABC177,PQR177,ABC177_PQR177@gmail.com,160369031
ABC236,PQR236,ABC236_PQR236@gmail.com,210948121
ABC187,PQR187,ABC187_PQR187@gmail.com,501114686
ABC139,PQR139,ABC139_PQR139@gmail.com,564012803
ABC326,PQR326,ABC326_PQR326@gmail.com,226014964
ABC468,PQR468,ABC468_PQR468@gmail.com,811769324
ABC430,PQR430,ABC430_PQR430@gmail.com,252315117
ABC380,PQR380,ABC380_PQR380@gmail.com,570090742
ABC264,PQR264,ABC264_PQR264@gmail.com,312486540
ABC393,PQR393,ABC393_PQR393@gmail.com,222633953
ABC403,PQR403,ABC403_PQR403@gmail.com,336255982
ABC230,PQR230,ABC230_PQR230@gmail.com,971995552
ABC164,PQR164,ABC164_PQR164@gmail.com,247527127
ABC109,PQR109,ABC109_PQR109@gmail.com,584309168
ABC377,PQR377,ABC377_PQR377@gmail.com,103587183
ABC153,PQR153,ABC153_PQR153@gmail.com,422085661
ABC241,PQR241,ABC241_PQR241@gmail.com,453381798
ABC164,PQR164,ABC164_PQR164@gmail.com,504468753
ABC175,PQR175,ABC175_PQR175@gmail.com,414456507
ABC311,PQR311,ABC311_PQR311@gmail.com,590951245
ABC137,PQR137,ABC137_PQR137@gmail.com,993934002
ABC376,PQR376,ABC376_PQR376@gmail.com,207517359
ABC468,PQR468,ABC468_PQR468@gmail.com,109998926
ABC480,PQR480,ABC480_PQR480@gmail.com,363035516
ABC463,PQR463,ABC463_PQR463@gmail.com,327126762
ABC139,PQR139,ABC139_PQR139@gmail.com,993498205
ABC453,PQR453,ABC453_PQR453@gmail.com,779789462
ABC287,PQR287,ABC287_PQR287@gmail.com,253223695
ABC126,PQR126,ABC126_PQR126@gmail.com,957855030
ABC380,PQR380,ABC380_PQR380@gmail.com,936500371
ABC329,PQR329,ABC329_PQR329@gmail.com,239703717
ABC159,PQR159,ABC159_PQR159@gmail.com,240930040
ABC305,PQR305,ABC305_PQR305@gmail.com,331213741
ABC193,PQR193,ABC193_PQR193@gmail.com,795175574
ABC154,PQR154,ABC154_PQR154@gmail.com,850628583
ABC389,PQR389,ABC389_PQR389@gmail.com,803872539
ABC136,PQR136,ABC136_PQR136@gmail.com,825517938
ABC256,PQR256,ABC256_PQR256@gmail.com,845795454
ABC229,PQR229,ABC229_PQR229@gmail.com,320393787
ABC480,PQR480,ABC480_PQR480@gmail.com,605007404
ABC437,PQR437,ABC437_PQR437@gmail.com,343078821
ABC201,PQR201,ABC201_PQR201@gmail.com,945556193
ABC110,PQR110,ABC110_PQR110@gmail.com,717763403
ABC348,PQR348,ABC348_PQR348@gmail.com,193189997
ABC465,PQR465,ABC465_PQR465@gmail.com,574263828
ABC487,PQR487,ABC487_PQR487@gmail.com,330859965
ABC369,PQR369,ABC369_PQR369@gmail.com,331648499
ABC488,PQR488,ABC488_PQR488@gmail.com,511206474
ABC497,PQR497,ABC497_PQR497@gmail.com,657815120
ABC216,PQR216,ABC216_PQR216@gmail.com,631805318
ABC407,PQR407,ABC407_PQR407@gmail.com,175354093
ABC199,PQR199,ABC199_PQR199@gmail.com,754082495
ABC402,PQR402,ABC402_PQR402@gmail.com,711799861
ABC385,PQR385,ABC385_PQR385@gmail.com,329670298
ABC249,PQR249,ABC249_PQR249@gmail.com,985268317
ABC308,PQR308,ABC308_PQR308@gmail.com,436155119
ABC477,PQR477,ABC477_PQR477@gmail.com,439498386
ABC186,PQR186,ABC186_PQR186@gmail.com,690005077
ABC492,PQR492,ABC492_PQR492@gmail.com,616897738
ABC286,PQR286,ABC286_PQR286@gmail.com,720762873
ABC453,PQR453,ABC453_PQR453@gmail.com,873277744
ABC451,PQR451,ABC451_PQR451@gmail.com,311556693
ABC375,PQR375,ABC375_PQR375@gmail.com,889544800
ABC231,PQR231,ABC231_PQR231@gmail.com,200351345
ABC265,PQR265,ABC265_PQR265@gmail.com,646092658
ABC474,PQR474,ABC474_PQR474@gmail.com,837846774
ABC123,PQR123,ABC123_PQR123@gmail.com,110089022
ABC346,PQR346,ABC346_PQR346@gmail.com,138146492
ABC147,PQR147,ABC147_PQR147@gmail.com,174101206
ABC457,PQR457,ABC457_PQR457@gmail.com,197726261
ABC326,PQR326,ABC326_PQR326@gmail.com,593978052
ABC323,PQR323,ABC323_PQR323@gmail.com,891478102
ABC495,PQR495,ABC495_PQR495@gmail.com,711882962
ABC137,PQR137,ABC137_PQR137@gmail.com,112289402
ABC425,PQR425,ABC425_PQR425@gmail.com,719875995
ABC463,PQR463,ABC463_PQR463@gmail.com,458436022
ABC157,PQR157,ABC157_PQR157@gmail.com,407276504
ABC326,PQR326,ABC326_PQR326@gmail.com,740563941
ABC227,PQR227,ABC227_PQR227@gmail.com,150014227
ABC474,PQR474,ABC474_PQR474@gmail.com,152960445
ABC229,PQR229,ABC229_PQR229@gmail.com,313126901
ABC448,PQR448,ABC448_PQR448@gmail.com,239257442
ABC320,PQR320,ABC320_PQR320@gmail.com,151939550
ABC115,PQR115,ABC115_PQR115@gmail.com,341242641
ABC463,PQR463,ABC463_PQR463@gmail.com,370208871
ABC251,PQR251,ABC251_PQR251@gmail.com,419787206
ABC338,PQR338,ABC338_PQR338@gmail.com,897501650
ABC480,PQR480,ABC480_PQR480@gmail.com,491688458
ABC478,PQR478,ABC478_PQR478@gmail.com,816835017
ABC318,PQR318,ABC318_PQR318@gmail.com,958761088
ABC241,PQR241,ABC241_PQR241@gmail.com,892193969
ABC480,PQR480,ABC480_PQR480@gmail.com,456014081
ABC376,PQR376,ABC376_PQR376@gmail.com,877989611
ABC412,PQR412,ABC412_PQR412@gmail.com,526478634
ABC248,PQR248,ABC248_PQR248@gmail.com,834521011
ABC241,PQR241,ABC241_PQR241@gmail.com,633036729
ABC210,PQR210,ABC210_PQR210@gmail.com,432418953
ABC452,PQR452,ABC452_PQR452@gmail.com,236893237
ABC299,PQR299,ABC299_PQR299@gmail.com,308484589
ABC500,PQR500,ABC500_PQR500@gmail.com,323728760
ABC378,PQR378,ABC378_PQR378@gmail.com,133662204
ABC319,PQR319,ABC319_PQR319@gmail.com,249185066
ABC404,PQR404,ABC404_PQR404@gmail.com,323038822
ABC167,PQR167,ABC167_PQR167@gmail.com,305745010
ABC361,PQR361,ABC361_PQR361@gmail.com,305062125
ABC437,PQR437,ABC437_PQR437@gmail.com,926814622
ABC367,PQR367,ABC367_PQR367@gmail.com,652856050
ABC185,PQR185,ABC185_PQR185@gmail.com,807707268
ABC281,PQR281,ABC281_PQR281@gmail.com,285951049
ABC324,PQR324,ABC324_PQR324@gmail.com,752546512
ABC422,PQR422,ABC422_PQR422@gmail.com,165042554
ABC122,PQR122,ABC122_PQR122@gmail.com,696221336
ABC399,PQR399,ABC399_PQR399@gmail.com,579430073
ABC349,PQR349,ABC349_PQR349@gmail.com,369893655
ABC452,PQR452,ABC452_PQR452@gmail.com,536762919
ABC344,PQR344,ABC344_PQR344@gmail.com,904513409
ABC266,PQR266,ABC266_PQR266@gmail.com,361004018
ABC130,PQR130,ABC130_PQR130@gmail.com,939958400
ABC307,PQR307,ABC307_PQR307@gmail.com,813154520
ABC326,PQR326,ABC326_PQR326@gmail.com,935268833
ABC144,PQR144,ABC144_PQR144@gmail.com,971387783
ABC335,PQR335,ABC335_PQR335@gmail.com,582017832
ABC414,PQR414,ABC414_PQR414@gmail.com,718108226
ABC102,PQR102,ABC102_PQR102@gmail.com,710926402
ABC493,PQR493,ABC493_PQR493@gmail.com,334582570
ABC177,PQR177,ABC177_PQR177@gmail.com,362588735
ABC454,PQR454,ABC454_PQR454@gmail.com,935197926
ABC221,PQR221,ABC221_PQR221@gmail.com,786919881
ABC424,PQR424,ABC424_PQR424@gmail.com,127829530
ABC332,PQR332,ABC332_PQR332@gmail.com,215830106
ABC261,PQR261,ABC261_PQR261@gmail.com,962392125
ABC400,PQR400,ABC400_PQR400@gmail.com,905996131
ABC267,PQR267,ABC267_PQR267@gmail.com,264849119
ABC121,PQR121,ABC121_PQR121@gmail.com,253064423
ABC268,PQR268,ABC268_PQR268@gmail.com,706953590
ABC347,PQR347,ABC347_PQR347@gmail.com,274507275
ABC264,PQR264,ABC264_PQR264@gmail.com,447091790
ABC424,PQR424,ABC424_PQR424@gmail.com,914892021
ABC211,PQR211,ABC211_PQR211@gmail.com,628373202
ABC112,PQR112,ABC112_PQR112@gmail.com,337849248
ABC107,PQR107,ABC107_PQR107@gmail.com,470460936
ABC142,PQR142,ABC142_PQR142@gmail.com,905926354
ABC470,PQR470,ABC470_PQR470@gmail.com,307571575
ABC308,PQR308,ABC308_PQR308@gmail.com,686053105
ABC474,PQR474,ABC474_PQR474@gmail.com,956407224
ABC477,PQR477,ABC477_PQR477@gmail.com,109947640
ABC298,PQR298,ABC298_PQR298@gmail.com,237643623
ABC443,PQR443,ABC443_PQR443@gmail.com,326885843
ABC500,PQR500,ABC500_PQR500@gmail.com,671426414
ABC391,PQR391,ABC391_PQR391@gmail.com,885852674
ABC451,PQR451,ABC451_PQR451@gmail.com,366032425
ABC213,PQR213,ABC213_PQR213@gmail.com,231545437
ABC251,PQR251,ABC251_PQR251@gmail.com,974349648
ABC174,PQR174,ABC174_PQR174@gmail.com,438254908
ABC327,PQR327,ABC327_PQR327@gmail.com,621407315
ABC387,PQR387,ABC387_PQR387@gmail.com,181439216
ABC448,PQR448,ABC448_PQR448@gmail.com,592853398
ABC378,PQR378,ABC378_PQR378@gmail.com,130256861
ABC383,PQR383,ABC383_PQR383@gmail.com,873313867
ABC381,PQR381,ABC381_PQR381@gmail.com,712807322
ABC165,PQR165,ABC165_PQR165@gmail.com,580289509
ABC396,PQR396,ABC396_PQR396@gmail.com,508666500
ABC355,PQR355,ABC355_PQR355@gmail.com,479228504
ABC201,PQR201,ABC201_PQR201@gmail.com,760521276
ABC425,PQR425,ABC425_PQR425@gmail.com,257563328
ABC202,PQR202,ABC202_PQR202@gmail.com,118284587
ABC429,PQR429,ABC429_PQR429@gmail.com,378209406
ABC197,PQR197,ABC197_PQR197@gmail.com,373436460
ABC360,PQR360,ABC360_PQR360@gmail.com,125240651
ABC370,PQR370,ABC370_PQR370@gmail.com,521327495
ABC468,PQR468,ABC468_PQR468@gmail.com,722590975
ABC220,PQR220,ABC220_PQR220@gmail.com,891983251
ABC308,PQR308,ABC308_PQR308@gmail.com,502716160
ABC293,PQR293,ABC293_PQR293@gmail.com,298187032
ABC418,PQR418,ABC418_PQR418@gmail.com,220148391
ABC425,PQR425,ABC425_PQR425@gmail.com,465398375
ABC301,PQR301,ABC301_PQR301@gmail.com,102826327
ABC410,PQR410,ABC410_PQR410@gmail.com,636455108
ABC428,PQR428,ABC428_PQR428@gmail.com,105157881
ABC389,PQR389,ABC389_PQR389@gmail.com,156452591
ABC351,PQR351,ABC351_PQR351@gmail.com,895050715
ABC451,PQR451,ABC451_PQR451@gmail.com,785500444
ABC430,PQR430,ABC430_PQR430@gmail.com,645742928
ABC293,PQR293,ABC293_PQR293@gmail.com,302316437
ABC113,PQR113,ABC113_PQR113@gmail.com,216315649
ABC176,PQR176,ABC176_PQR176@gmail.com,868136077
ABC150,PQR150,ABC150_PQR150@gmail.com,648079581
ABC147,PQR147,ABC147_PQR147@gmail.com,968174147
ABC184,PQR184,ABC184_PQR184@gmail.com,108999516
ABC343,PQR343,ABC343_PQR343@gmail.com,641957898
ABC467,PQR467,ABC467_PQR467@gmail.com,592058164
ABC467,PQR467,ABC467_PQR467@gmail.com,696404522
ABC232,PQR232,ABC232_PQR232@gmail.com,947993452
ABC290,PQR290,ABC290_PQR290@gmail.com,862654031
ABC488,PQR488,ABC488_PQR488@gmail.com,440143141
ABC430,PQR430,ABC430_PQR430@gmail.com,245980391
ABC413,PQR413,ABC413_PQR413@gmail.com,146521274
ABC376,PQR376,ABC376_PQR376@gmail.com,561423766
ABC495,PQR495,ABC495_PQR495@gmail.com,961690833
ABC449,PQR449,ABC449_PQR449@gmail.com,171157384
ABC430,PQR430,ABC430_PQR430@gmail.com,853437032
ABC304,PQR304,ABC304_PQR304@gmail.com,363956311
ABC436,PQR436,ABC436_PQR436@gmail.com,339032223
ABC207,PQR207,ABC207_PQR207@gmail.com,325398967
ABC385,PQR385,ABC385_PQR385@gmail.com,548224218
ABC179,PQR179,ABC179_PQR179@gmail.com,987215374
ABC475,PQR475,ABC475_PQR475@gmail.com,971054557
ABC490,PQR490,ABC490_PQR490@gmail.com,548042705
ABC214,PQR214,ABC214_PQR214@gmail.com,355427515
ABC287,PQR287,ABC287_PQR287@gmail.com,635012029
ABC336,PQR336,ABC336_PQR336@gmail.com,195556050
ABC371,PQR371,ABC371_PQR371@gmail.com,904069690
ABC113,PQR113,ABC113_PQR113@gmail.com,318344824
ABC200,PQR200,ABC200_PQR200@gmail.com,589517416
ABC322,PQR322,ABC322_PQR322@gmail.com,934138833
ABC376,PQR376,ABC376_PQR376@gmail.com,140759487
ABC459,PQR459,ABC459_PQR459@gmail.com,337952253
ABC360,PQR360,ABC360_PQR360@gmail.com,790666191
ABC146,PQR146,ABC146_PQR146@gmail.com,715584049
ABC488,PQR488,ABC488_PQR488@gmail.com,969846080
ABC467,PQR467,ABC467_PQR467@gmail.com,852232558
ABC278,PQR278,ABC278_PQR278@gmail.com,753319527
ABC287,PQR287,ABC287_PQR287@gmail.com,996999710
ABC437,PQR437,ABC437_PQR437@gmail.com,437348551
ABC262,PQR262,ABC262_PQR262@gmail.com,143241176
ABC480,PQR480,ABC480_PQR480@gmail.com,979737013
ABC471,PQR471,ABC471_PQR471@gmail.com,178422421
ABC403,PQR403,ABC403_PQR403@gmail.com,921963568
ABC274,PQR274,ABC274_PQR274@gmail.com,412470506
ABC384,PQR384,ABC384_PQR384@gmail.com,569640189
ABC242,PQR242,ABC242_PQR242@gmail.com,234844645
ABC159,PQR159,ABC159_PQR159@gmail.com,638563771
ABC171,PQR171,ABC171_PQR171@gmail.com,208982332
ABC478,PQR478,ABC478_PQR478@gmail.com,119943094
ABC143,PQR143,ABC143_PQR143@gmail.com,209236142
ABC123,PQR123,ABC123_PQR123@gmail.com,811210166
ABC175,PQR175,ABC175_PQR175@gmail.com,210515404
ABC106,PQR106,ABC106_PQR106@gmail.com,948073641
ABC128,PQR128,ABC128_PQR128@gmail.com,120350150
ABC270,PQR270,ABC270_PQR270@gmail.com,219315520
ABC471,PQR471,ABC471_PQR471@gmail.com,252869009
ABC211,PQR211,ABC211_PQR211@gmail.com,674086956
ABC376,PQR376,ABC376_PQR376@gmail.com,813461032
ABC195,PQR195,ABC195_PQR195@gmail.com,797618955
ABC139,PQR139,ABC139_PQR139@gmail.com,965332488
ABC147,PQR147,ABC147_PQR147@gmail.com,390596220
ABC462,PQR462,ABC462_PQR462@gmail.com,548421374
ABC324,PQR324,ABC324_PQR324@gmail.com,329489028
ABC203,PQR203,ABC203_PQR203@gmail.com,410255506
ABC211,PQR211,ABC211_PQR211@gmail.com,590129007
ABC105,PQR105,ABC105_PQR105@gmail.com,109808298
ABC320,PQR320,ABC320_PQR320@gmail.com,289746351
ABC402,PQR402,ABC402_PQR402@gmail.com,959133959
ABC496,PQR496,ABC496_PQR496@gmail.com,189931874
ABC106,PQR106,ABC106_PQR106@gmail.com,173814153
ABC250,PQR250,ABC250_PQR250@gmail.com,213065764
ABC436,PQR436,ABC436_PQR436@gmail.com,183864910
ABC133,PQR133,ABC133_PQR133@gmail.com,732559777
ABC186,PQR186,ABC186_PQR186@gmail.com,221357976
ABC440,PQR440,ABC440_PQR440@gmail.com,975849134
ABC216,PQR216,ABC216_PQR216@gmail.com,236550602
ABC278,PQR278,ABC278_PQR278@gmail.com,298252952
ABC311,PQR311,ABC311_PQR311@gmail.com,417193519
ABC288,PQR288,ABC288_PQR288@gmail.com,617750641
ABC196,PQR196,ABC196_PQR196@gmail.com,379666218
ABC377,PQR377,ABC377_PQR377@gmail.com,244400980
ABC338,PQR338,ABC338_PQR338@gmail.com,361877644
ABC486,PQR486,ABC486_PQR486@gmail.com,981474425
ABC287,PQR287,ABC287_PQR287@gmail.com,841333106
ABC228,PQR228,ABC228_PQR228@gmail.com,743221622
ABC423,PQR423,ABC423_PQR423@gmail.com,652353991
ABC209,PQR209,ABC209_PQR209@gmail.com,566943300
ABC255,PQR255,ABC255_PQR255@gmail.com,582492878
ABC213,PQR213,ABC213_PQR213@gmail.com,470835062
ABC394,PQR394,ABC394_PQR394@gmail.com,231367442
ABC172,PQR172,ABC172_PQR172@gmail.com,782213561
ABC403,PQR403,ABC403_PQR403@gmail.com,574511382
ABC125,PQR125,ABC125_PQR125@gmail.com,192427800
ABC116,PQR116,ABC116_PQR116@gmail.com,957422722
ABC140,PQR140,ABC140_PQR140@gmail.com,595832057
ABC164,PQR164,ABC164_PQR164@gmail.com,408137171
ABC120,PQR120,ABC120_PQR120@gmail.com,814491484
ABC161,PQR161,ABC161_PQR161@gmail.com,793063446
ABC164,PQR164,ABC164_PQR164@gmail.com,485860047
ABC252,PQR252,ABC252_PQR252@gmail.com,412714975
ABC165,PQR165,ABC165_PQR165@gmail.com,801568758
ABC217,PQR217,ABC217_PQR217@gmail.com,983194476
ABC213,PQR213,ABC213_PQR213@gmail.com,362247112
ABC316,PQR316,ABC316_PQR316@gmail.com,454746054
ABC209,PQR209,ABC209_PQR209@gmail.com,877150896
ABC415,PQR415,ABC415_PQR415@gmail.com,806339630
ABC230,PQR230,ABC230_PQR230@gmail.com,438816978
ABC424,PQR424,ABC424_PQR424@gmail.com,617093072
ABC247,PQR247,ABC247_PQR247@gmail.com,933231252
ABC412,PQR412,ABC412_PQR412@gmail.com,869224354
ABC348,PQR348,ABC348_PQR348@gmail.com,647811553
ABC335,PQR335,ABC335_PQR335@gmail.com,742850653
ABC182,PQR182,ABC182_PQR182@gmail.com,928704262
ABC337,PQR337,ABC337_PQR337@gmail.com,177861855
ABC284,PQR284,ABC284_PQR284@gmail.com,115034346
ABC208,PQR208,ABC208_PQR208@gmail.com,445889412
ABC483,PQR483,ABC483_PQR483@gmail.com,250419878
ABC133,PQR133,ABC133_PQR133@gmail.com,574871974
ABC110,PQR110,ABC110_PQR110@gmail.com,745950194
ABC326,PQR326,ABC326_PQR326@gmail.com,440639121
ABC257,PQR257,ABC257_PQR257@gmail.com,508860013
ABC476,PQR476,ABC476_PQR476@gmail.com,235621117
ABC375,PQR375,ABC375_PQR375@gmail.com,230009413
ABC247,PQR247,ABC247_PQR247@gmail.com,299450681
ABC380,PQR380,ABC380_PQR380@gmail.com,750098270
ABC118,PQR118,ABC118_PQR118@gmail.com,374166732
ABC256,PQR256,ABC256_PQR256@gmail.com,379268615
ABC297,PQR297,ABC297_PQR297@gmail.com,689832837
ABC243,PQR243,ABC243_PQR243@gmail.com,449596483
ABC230,PQR230,ABC230_PQR230@gmail.com,388696481
ABC132,PQR132,ABC132_PQR132@gmail.com,690075268
ABC155,PQR155,ABC155_PQR155@gmail.com,647284415
ABC232,PQR232,ABC232_PQR232@gmail.com,722579218
ABC221,PQR221,ABC221_PQR221@gmail.com,794167071
ABC215,PQR215,ABC215_PQR215@gmail.com,682082460
ABC337,PQR337,ABC337_PQR337@gmail.com,186259022
ABC214,PQR214,ABC214_PQR214@gmail.com,346378010
ABC316,PQR316,ABC316_PQR316@gmail.com,374000186
ABC454,PQR454,ABC454_PQR454@gmail.com,223118662
ABC106,PQR106,ABC106_PQR106@gmail.com,194796049
ABC394,PQR394,ABC394_PQR394@gmail.com,923641718
ABC196,PQR196,ABC196_PQR196@gmail.com,186533286
ABC227,PQR227,ABC227_PQR227@gmail.com,970409544
ABC459,PQR459,ABC459_PQR459@gmail.com,411298091
ABC117,PQR117,ABC117_PQR117@gmail.com,890312492
ABC132,PQR132,ABC132_PQR132@gmail.com,143129311
ABC283,PQR283,ABC283_PQR283@gmail.com,178335315
ABC398,PQR398,ABC398_PQR398@gmail.com,655725263
ABC312,PQR312,ABC312_PQR312@gmail.com,348642956
ABC238,PQR238,ABC238_PQR238@gmail.com,131856994
ABC173,PQR173,ABC173_PQR173@gmail.com,129742004
ABC213,PQR213,ABC213_PQR213@gmail.com,352445613
ABC298,PQR298,ABC298_PQR298@gmail.com,886115302
ABC303,PQR303,ABC303_PQR303@gmail.com,549219768
ABC249,PQR249,ABC249_PQR249@gmail.com,761207750
ABC471,PQR471,ABC471_PQR471@gmail.com,304612777
ABC474,PQR474,ABC474_PQR474@gmail.com,885717430
ABC399,PQR399,ABC399_PQR399@gmail.com,288780702
ABC337,PQR337,ABC337_PQR337@gmail.com,394442134
ABC239,PQR239,ABC239_PQR239@gmail.com,702964339
ABC118,PQR118,ABC118_PQR118@gmail.com,479311369
ABC360,PQR360,ABC360_PQR360@gmail.com,701733808
ABC441,PQR441,ABC441_PQR441@gmail.com,373260491
ABC108,PQR108,ABC108_PQR108@gmail.com,806848609
ABC394,PQR394,ABC394_PQR394@gmail.com,836445456
ABC456,PQR456,ABC456_PQR456@gmail.com,486671674
ABC220,PQR220,ABC220_PQR220@gmail.com,946393300
ABC102,PQR102,ABC102_PQR102@gmail.com,108228595
ABC122,PQR122,ABC122_PQR122@gmail.com,866891644
ABC425,PQR425,ABC425_PQR425@gmail.com,110985978
ABC489,PQR489,ABC489_PQR489@gmail.com,656365577
ABC206,PQR206,ABC206_PQR206@gmail.com,813031215
ABC133,PQR133,ABC133_PQR133@gmail.com,421516827
ABC301,PQR301,ABC301_PQR301@gmail.com,794717727
ABC189,PQR189,ABC189_PQR189@gmail.com,890582079
ABC358,PQR358,ABC358_PQR358@gmail.com,831644102
ABC140,PQR140,ABC140_PQR140@gmail.com,401983849
ABC490,PQR490,ABC490_PQR490@gmail.com,204251397
ABC350,PQR350,ABC350_PQR350@gmail.com,658522877
ABC467,PQR467,ABC467_PQR467@gmail.com,473041482
ABC316,PQR316,ABC316_PQR316@gmail.com,589315389
ABC275,PQR275,ABC275_PQR275@gmail.com,414894897
ABC257,PQR257,ABC257_PQR257@gmail.com,259305811
ABC202,PQR202,ABC202_PQR202@gmail.com,299257084
ABC422,PQR422,ABC422_PQR422@gmail.com,278812730
ABC205,PQR205,ABC205_PQR205@gmail.com,795946152
ABC111,PQR111,ABC111_PQR111@gmail.com,833720483
ABC246,PQR246,ABC246_PQR246@gmail.com,137765592
ABC474,PQR474,ABC474_PQR474@gmail.com,439454722
ABC435,PQR435,ABC435_PQR435@gmail.com,876943485
ABC444,PQR444,ABC444_PQR444@gmail.com,827572147
ABC260,PQR260,ABC260_PQR260@gmail.com,317259641
ABC487,PQR487,ABC487_PQR487@gmail.com,420522492
ABC256,PQR256,ABC256_PQR256@gmail.com,583677877
ABC425,PQR425,ABC425_PQR425@gmail.com,164535069
ABC175,PQR175,ABC175_PQR175@gmail.com,479388984
ABC415,PQR415,ABC415_PQR415@gmail.com,158294555
ABC375,PQR375,ABC375_PQR375@gmail.com,433541415
ABC252,PQR252,ABC252_PQR252@gmail.com,695911252
ABC476,PQR476,ABC476_PQR476@gmail.com,673761487
ABC200,PQR200,ABC200_PQR200@gmail.com,639303044
ABC441,PQR441,ABC441_PQR441@gmail.com,431891994
ABC310,PQR310,ABC310_PQR310@gmail.com,180303497
ABC452,PQR452,ABC452_PQR452@gmail.com,178655360
ABC249,PQR249,ABC249_PQR249@gmail.com,801265253
ABC329,PQR329,ABC329_PQR329@gmail.com,699521265
ABC226,PQR226,ABC226_PQR226@gmail.com,290250489
ABC426,PQR426,ABC426_PQR426@gmail.com,590404357
ABC446,PQR446,ABC446_PQR446@gmail.com,136898622
ABC485,PQR485,ABC485_PQR485@gmail.com,436918583
ABC371,PQR371,ABC371_PQR371@gmail.com,721434725
ABC469,PQR469,ABC469_PQR469@gmail.com,379176369
ABC498,PQR498,ABC498_PQR498@gmail.com,284273460
ABC123,PQR123,ABC123_PQR123@gmail.com,487987210
ABC273,PQR273,ABC273_PQR273@gmail.com,579376552
ABC210,PQR210,ABC210_PQR210@gmail.com,687172047
ABC360,PQR360,ABC360_PQR360@gmail.com,679706686
ABC317,PQR317,ABC317_PQR317@gmail.com,119775879
ABC454,PQR454,ABC454_PQR454@gmail.com,570590596
ABC365,PQR365,ABC365_PQR365@gmail.com,946789551
ABC341,PQR341,ABC341_PQR341@gmail.com,282919256
ABC466,PQR466,ABC466_PQR466@gmail.com,814662628
ABC185,PQR185,ABC185_PQR185@gmail.com,477710211
ABC279,PQR279,ABC279_PQR279@gmail.com,588848580
ABC338,PQR338,ABC338_PQR338@gmail.com,896611665
ABC274,PQR274,ABC274_PQR274@gmail.com,760229676
ABC389,PQR389,ABC389_PQR389@gmail.com,244475693
ABC419,PQR419,ABC419_PQR419@gmail.com,369795517
ABC345,PQR345,ABC345_PQR345@gmail.com,916760695
ABC457,PQR457,ABC457_PQR457@gmail.com,821399717
ABC424,PQR424,ABC424_PQR424@gmail.com,182638824
ABC424,PQR424,ABC424_PQR424@gmail.com,369164632
ABC364,PQR364,ABC364_PQR364@gmail.com,226042546
ABC132,PQR132,ABC132_PQR132@gmail.com,232187904
ABC102,PQR102,ABC102_PQR102@gmail.com,292696233
ABC357,PQR357,ABC357_PQR357@gmail.com,325747178
ABC444,PQR444,ABC444_PQR444@gmail.com,360528686
ABC175,PQR175,ABC175_PQR175@gmail.com,112738614
ABC194,PQR194,ABC194_PQR194@gmail.com,296431226
ABC417,PQR417,ABC417_PQR417@gmail.com,643563311
ABC350,PQR350,ABC350_PQR350@gmail.com,896365338
ABC351,PQR351,ABC351_PQR351@gmail.com,191456702
ABC397,PQR397,ABC397_PQR397@gmail.com,731113023
ABC373,PQR373,ABC373_PQR373@gmail.com,224009912
ABC183,PQR183,ABC183_PQR183@gmail.com,875924901
ABC324,PQR324,ABC324_PQR324@gmail.com,405427501
ABC497,PQR497,ABC497_PQR497@gmail.com,834034575
ABC400,PQR400,ABC400_PQR400@gmail.com,435893708
ABC251,PQR251,ABC251_PQR251@gmail.com,238147827
ABC232,PQR232,ABC232_PQR232@gmail.com,472007367
ABC500,PQR500,ABC500_PQR500@gmail.com,954125469
ABC184,PQR184,ABC184_PQR184@gmail.com,946396459
ABC498,PQR498,ABC498_PQR498@gmail.com,808145952
ABC464,PQR464,ABC464_PQR464@gmail.com,861041271
ABC400,PQR400,ABC400_PQR400@gmail.com,340150978
ABC194,PQR194,ABC194_PQR194@gmail.com,753418496
ABC282,PQR282,ABC282_PQR282@gmail.com,159202646
ABC224,PQR224,ABC224_PQR224@gmail.com,418197200
ABC158,PQR158,ABC158_PQR158@gmail.com,180927537
ABC179,PQR179,ABC179_PQR179@gmail.com,695079985
ABC278,PQR278,ABC278_PQR278@gmail.com,155119738
ABC212,PQR212,ABC212_PQR212@gmail.com,919847404
ABC401,PQR401,ABC401_PQR401@gmail.com,298727906
ABC388,PQR388,ABC388_PQR388@gmail.com,116996307
ABC249,PQR249,ABC249_PQR249@gmail.com,157023850
ABC386,PQR386,ABC386_PQR386@gmail.com,930902370
ABC334,PQR334,ABC334_PQR334@gmail.com,856384783
ABC128,PQR128,ABC128_PQR128@gmail.com,939295990
ABC320,PQR320,ABC320_PQR320@gmail.com,403115902
ABC459,PQR459,ABC459_PQR459@gmail.com,215796734
ABC152,PQR152,ABC152_PQR152@gmail.com,537775679
ABC193,PQR193,ABC193_PQR193@gmail.com,398180699
ABC496,PQR496,ABC496_PQR496@gmail.com,463606131
ABC415,PQR415,ABC415_PQR415@gmail.com,306600640
ABC358,PQR358,ABC358_PQR358@gmail.com,283486049
ABC196,PQR196,ABC196_PQR196@gmail.com,550991016
ABC472,PQR472,ABC472_PQR472@gmail.com,536250526
ABC211,PQR211,ABC211_PQR211@gmail.com,671588492
ABC406,PQR406,ABC406_PQR406@gmail.com,449580004
ABC111,PQR111,ABC111_PQR111@gmail.com,942980595
ABC221,PQR221,ABC221_PQR221@gmail.com,359859019
ABC183,PQR183,ABC183_PQR183@gmail.com,479343331
ABC367,PQR367,ABC367_PQR367@gmail.com,483490584
ABC348,PQR348,ABC348_PQR348@gmail.com,583192061
ABC202,PQR202,ABC202_PQR202@gmail.com,819525628
ABC344,PQR344,ABC344_PQR344@gmail.com,325630501
ABC405,PQR405,ABC405_PQR405@gmail.com,116132842
ABC196,PQR196,ABC196_PQR196@gmail.com,417991744
ABC419,PQR419,ABC419_PQR419@gmail.com,518930545
ABC132,PQR132,ABC132_PQR132@gmail.com,743585411
ABC388,PQR388,ABC388_PQR388@gmail.com,344018949
ABC492,PQR492,ABC492_PQR492@gmail.com,160848908
ABC446,PQR446,ABC446_PQR446@gmail.com,242787371
ABC434,PQR434,ABC434_PQR434@gmail.com,498423339
ABC410,PQR410,ABC410_PQR410@gmail.com,443503282
ABC101,PQR101,ABC101_PQR101@gmail.com,643559217
ABC260,PQR260,ABC260_PQR260@gmail.com,154234740
ABC129,PQR129,ABC129_PQR129@gmail.com,780163703
ABC441,PQR441,ABC441_PQR441@gmail.com,809252899
ABC120,PQR120,ABC120_PQR120@gmail.com,618825700
ABC463,PQR463,ABC463_PQR463@gmail.com,325363186
ABC117,PQR117,ABC117_PQR117@gmail.com,987924802
ABC291,PQR291,ABC291_PQR291@gmail.com,751383529
ABC175,PQR175,ABC175_PQR175@gmail.com,223288571
ABC121,PQR121,ABC121_PQR121@gmail.com,191608088
ABC458,PQR458,ABC458_PQR458@gmail.com,916170273
ABC451,PQR451,ABC451_PQR451@gmail.com,901387142
ABC212,PQR212,ABC212_PQR212@gmail.com,262126409
ABC191,PQR191,ABC191_PQR191@gmail.com,971661551
ABC343,PQR343,ABC343_PQR343@gmail.com,720663157
ABC405,PQR405,ABC405_PQR405@gmail.com,478661669
ABC309,PQR309,ABC309_PQR309@gmail.com,974750280
ABC273,PQR273,ABC273_PQR273@gmail.com,138879116
ABC338,PQR338,ABC338_PQR338@gmail.com,930213296
ABC308,PQR308,ABC308_PQR308@gmail.com,936431150
ABC225,PQR225,ABC225_PQR225@gmail.com,966172187
ABC339,PQR339,ABC339_PQR339@gmail.com,330799910
ABC212,PQR212,ABC212_PQR212@gmail.com,530389859
ABC448,PQR448,ABC448_PQR448@gmail.com,273646955
ABC103,PQR103,ABC103_PQR103@gmail.com,814939014
ABC452,PQR452,ABC452_PQR452@gmail.com,557143427
ABC116,PQR116,ABC116_PQR116@gmail.com,301873371
ABC153,PQR153,ABC153_PQR153@gmail.com,165931274
ABC133,PQR133,ABC133_PQR133@gmail.com,781720776
ABC377,PQR377,ABC377_PQR377@gmail.com,740341817
ABC305,PQR305,ABC305_PQR305@gmail.com,214172283
ABC473,PQR473,ABC473_PQR473@gmail.com,735287921
ABC283,PQR283,ABC283_PQR283@gmail.com,591769424
ABC335,PQR335,ABC335_PQR335@gmail.com,203611176
ABC356,PQR356,ABC356_PQR356@gmail.com,245255465
ABC421,PQR421,ABC421_PQR421@gmail.com,860247924
ABC272,PQR272,ABC272_PQR272@gmail.com,764993443
ABC185,PQR185,ABC185_PQR185@gmail.com,661758698
ABC153,PQR153,ABC153_PQR153@gmail.com,843791850
ABC364,PQR364,ABC364_PQR364@gmail.com,501984979
ABC260,PQR260,ABC260_PQR260@gmail.com,132952426
ABC110,PQR110,ABC110_PQR110@gmail.com,415316914
ABC191,PQR191,ABC191_PQR191@gmail.com,805916514
ABC106,PQR106,ABC106_PQR106@gmail.com,562398259
ABC296,PQR296,ABC296_PQR296@gmail.com,458584197
ABC215,PQR215,ABC215_PQR215@gmail.com,709244461
ABC265,PQR265,ABC265_PQR265@gmail.com,613040960
ABC376,PQR376,ABC376_PQR376@gmail.com,392581891
ABC467,PQR467,ABC467_PQR467@gmail.com,305037562
ABC265,PQR265,ABC265_PQR265@gmail.com,308556206
ABC455,PQR455,ABC455_PQR455@gmail.com,601386511
ABC401,PQR401,ABC401_PQR401@gmail.com,455136065
ABC219,PQR219,ABC219_PQR219@gmail.com,174838713
ABC238,PQR238,ABC238_PQR238@gmail.com,638315407
ABC226,PQR226,ABC226_PQR226@gmail.com,660258265
ABC260,PQR260,ABC260_PQR260@gmail.com,441039448
ABC435,PQR435,ABC435_PQR435@gmail.com,944846152
ABC209,PQR209,ABC209_PQR209@gmail.com,764745356
ABC288,PQR288,ABC288_PQR288@gmail.com,490324369
ABC423,PQR423,ABC423_PQR423@gmail.com,912864681
ABC404,PQR404,ABC404_PQR404@gmail.com,381772818
ABC346,PQR346,ABC346_PQR346@gmail.com,553479681
ABC325,PQR325,ABC325_PQR325@gmail.com,814239941
ABC272,PQR272,ABC272_PQR272@gmail.com,609807988
ABC451,PQR451,ABC451_PQR451@gmail.com,402891545
ABC252,PQR252,ABC252_PQR252@gmail.com,228605546
ABC348,PQR348,ABC348_PQR348@gmail.com,261090718
ABC455,PQR455,ABC455_PQR455@gmail.com,491241072
ABC100,PQR100,ABC100_PQR100@gmail.com,743229727
ABC356,PQR356,ABC356_PQR356@gmail.com,597651894
ABC252,PQR252,ABC252_PQR252@gmail.com,946900119
ABC335,PQR335,ABC335_PQR335@gmail.com,336007869
ABC109,PQR109,ABC109_PQR109@gmail.com,211167193
ABC275,PQR275,ABC275_PQR275@gmail.com,224051974
ABC195,PQR195,ABC195_PQR195@gmail.com,531943333
ABC362,PQR362,ABC362_PQR362@gmail.com,572094090
ABC283,PQR283,ABC283_PQR283@gmail.com,630843187
ABC414,PQR414,ABC414_PQR414@gmail.com,162427545
ABC348,PQR348,ABC348_PQR348@gmail.com,686548995
ABC282,PQR282,ABC282_PQR282@gmail.com,749585467
ABC323,PQR323,ABC323_PQR323@gmail.com,651792265
ABC214,PQR214,ABC214_PQR214@gmail.com,240630200
ABC468,PQR468,ABC468_PQR468@gmail.com,255329536
ABC316,PQR316,ABC316_PQR316@gmail.com,441321738
ABC409,PQR409,ABC409_PQR409@gmail.com,316729084
ABC441,PQR441,ABC441_PQR441@gmail.com,545143474
ABC404,PQR404,ABC404_PQR404@gmail.com,931459603
ABC216,PQR216,ABC216_PQR216@gmail.com,729626649
ABC412,PQR412,ABC412_PQR412@gmail.com,989463079
ABC250,PQR250,ABC250_PQR250@gmail.com,535312739
ABC338,PQR338,ABC338_PQR338@gmail.com,968222345
ABC265,PQR265,ABC265_PQR265@gmail.com,814475035
ABC293,PQR293,ABC293_PQR293@gmail.com,877793907
ABC145,PQR145,ABC145_PQR145@gmail.com,633998054
ABC250,PQR250,ABC250_PQR250@gmail.com,762841712
ABC257,PQR257,ABC257_PQR257@gmail.com,941514082
ABC147,PQR147,ABC147_PQR147@gmail.com,761812352
ABC251,PQR251,ABC251_PQR251@gmail.com,612098074
ABC103,PQR103,ABC103_PQR103@gmail.com,724447706
ABC114,PQR114,ABC114_PQR114@gmail.com,566767786
ABC441,PQR441,ABC441_PQR441@gmail.com,347608219
ABC266,PQR266,ABC266_PQR266@gmail.com,350578382
ABC248,PQR248,ABC248_PQR248@gmail.com,316394972
ABC134,PQR134,ABC134_PQR134@gmail.com,950748107
ABC109,PQR109,ABC109_PQR109@gmail.com,527605010
ABC296,PQR296,ABC296_PQR296@gmail.com,932517103
ABC380,PQR380,ABC380_PQR380@gmail.com,576544408
ABC490,PQR490,ABC490_PQR490@gmail.com,161120108
ABC209,PQR209,ABC209_PQR209@gmail.com,266682272
ABC154,PQR154,ABC154_PQR154@gmail.com,896882895
ABC285,PQR285,ABC285_PQR285@gmail.com,725492896
ABC264,PQR264,ABC264_PQR264@gmail.com,277197315
ABC325,PQR325,ABC325_PQR325@gmail.com,260564941
ABC435,PQR435,ABC435_PQR435@gmail.com,759581900
ABC199,PQR199,ABC199_PQR199@gmail.com,582093738
ABC213,PQR213,ABC213_PQR213@gmail.com,615261104
ABC290,PQR290,ABC290_PQR290@gmail.com,230357282
ABC245,PQR245,ABC245_PQR245@gmail.com,920712406
ABC379,PQR379,ABC379_PQR379@gmail.com,218254304
ABC158,PQR158,ABC158_PQR158@gmail.com,969259876
ABC493,PQR493,ABC493_PQR493@gmail.com,829520696
ABC141,PQR141,ABC141_PQR141@gmail.com,409832343
ABC278,PQR278,ABC278_PQR278@gmail.com,507002893
ABC411,PQR411,ABC411_PQR411@gmail.com,888287278
ABC292,PQR292,ABC292_PQR292@gmail.com,552447433
ABC205,PQR205,ABC205_PQR205@gmail.com,255710944
ABC108,PQR108,ABC108_PQR108@gmail.com,973921749
ABC458,PQR458,ABC458_PQR458@gmail.com,655416724
ABC473,PQR473,ABC473_PQR473@gmail.com,639134673
ABC224,PQR224,ABC224_PQR224@gmail.com,416148889
ABC307,PQR307,ABC307_PQR307@gmail.com,145614904
ABC145,PQR145,ABC145_PQR145@gmail.com,350432659
ABC195,PQR195,ABC195_PQR195@gmail.com,900316484
ABC133,PQR133,ABC133_PQR133@gmail.com,923401079
ABC421,PQR421,ABC421_PQR421@gmail.com,705211615
ABC474,PQR474,ABC474_PQR474@gmail.com,190762111
ABC119,PQR119,ABC119_PQR119@gmail.com,818157168
ABC431,PQR431,ABC431_PQR431@gmail.com,459470088
ABC337,PQR337,ABC337_PQR337@gmail.com,801026590
ABC488,PQR488,ABC488_PQR488@gmail.com,192613118
ABC412,PQR412,ABC412_PQR412@gmail.com,290184961
ABC495,PQR495,ABC495_PQR495@gmail.com,288659043
ABC319,PQR319,ABC319_PQR319@gmail.com,892005976
ABC183,PQR183,ABC183_PQR183@gmail.com,658401600
ABC228,PQR228,ABC228_PQR228@gmail.com,614040836
ABC397,PQR397,ABC397_PQR397@gmail.com,336156318
ABC166,PQR166,ABC166_PQR166@gmail.com,761801959
ABC370,PQR370,ABC370_PQR370@gmail.com,692273638
ABC152,PQR152,ABC152_PQR152@gmail.com,584955944
ABC258,PQR258,ABC258_PQR258@gmail.com,419867077
ABC279,PQR279,ABC279_PQR279@gmail.com,163146831
ABC346,PQR346,ABC346_PQR346@gmail.com,724212090
ABC464,PQR464,ABC464_PQR464@gmail.com,222038605
ABC432,PQR432,ABC432_PQR432@gmail.com,650500534
ABC345,PQR345,ABC345_PQR345@gmail.com,566311844
ABC175,PQR175,ABC175_PQR175@gmail.com,500375382
ABC404,PQR404,ABC404_PQR404@gmail.com,149585921
ABC330,PQR330,ABC330_PQR330@gmail.com,866267880
ABC321,PQR321,ABC321_PQR321@gmail.com,470805279
ABC178,PQR178,ABC178_PQR178@gmail.com,306322311
ABC181,PQR181,ABC181_PQR181@gmail.com,497330524
ABC157,PQR157,ABC157_PQR157@gmail.com,124567219
ABC480,PQR480,ABC480_PQR480@gmail.com,428755632
ABC107,PQR107,ABC107_PQR107@gmail.com,119979185
ABC335,PQR335,ABC335_PQR335@gmail.com,781212467
ABC146,PQR146,ABC146_PQR146@gmail.com,295454239
ABC454,PQR454,ABC454_PQR454@gmail.com,390267016
ABC490,PQR490,ABC490_PQR490@gmail.com,238677344
ABC482,PQR482,ABC482_PQR482@gmail.com,444058598
ABC357,PQR357,ABC357_PQR357@gmail.com,998922374
ABC184,PQR184,ABC184_PQR184@gmail.com,352263304
ABC412,PQR412,ABC412_PQR412@gmail.com,421642261
ABC194,PQR194,ABC194_PQR194@gmail.com,668440796
ABC297,PQR297,ABC297_PQR297@gmail.com,853632103
ABC206,PQR206,ABC206_PQR206@gmail.com,610411839
ABC195,PQR195,ABC195_PQR195@gmail.com,318153500
ABC316,PQR316,ABC316_PQR316@gmail.com,985899585
ABC289,PQR289,ABC289_PQR289@gmail.com,294584322
ABC256,PQR256,ABC256_PQR256@gmail.com,803257035
ABC380,PQR380,ABC380_PQR380@gmail.com,871577124
ABC119,PQR119,ABC119_PQR119@gmail.com,743877961
ABC372,PQR372,ABC372_PQR372@gmail.com,495425024
ABC465,PQR465,ABC465_PQR465@gmail.com,599597118
ABC165,PQR165,ABC165_PQR165@gmail.com,449263884
ABC451,PQR451,ABC451_PQR451@gmail.com,999892686
ABC353,PQR353,ABC353_PQR353@gmail.com,606987219
ABC269,PQR269,ABC269_PQR269@gmail.com,179513736
ABC239,PQR239,ABC239_PQR239@gmail.com,418858069
ABC477,PQR477,ABC477_PQR477@gmail.com,894398605
ABC460,PQR460,ABC460_PQR460@gmail.com,388035071
ABC170,PQR170,ABC170_PQR170@gmail.com,130256745
ABC389,PQR389,ABC389_PQR389@gmail.com,904422178
ABC167,PQR167,ABC167_PQR167@gmail.com,871357002
ABC110,PQR110,ABC110_PQR110@gmail.com,959694884
ABC351,PQR351,ABC351_PQR351@gmail.com,517582423
ABC365,PQR365,ABC365_PQR365@gmail.com,486118289
ABC159,PQR159,ABC159_PQR159@gmail.com,743750859
ABC464,PQR464,ABC464_PQR464@gmail.com,778403677
ABC299,PQR299,ABC299_PQR299@gmail.com,662446857
ABC294,PQR294,ABC294_PQR294@gmail.com,780854291
ABC486,PQR486,ABC486_PQR486@gmail.com,534242380
ABC295,PQR295,ABC295_PQR295@gmail.com,848079928
ABC326,PQR326,ABC326_PQR326@gmail.com,428873575
ABC377,PQR377,ABC377_PQR377@gmail.com,194754370
ABC290,PQR290,ABC290_PQR290@gmail.com,864642904
ABC408,PQR408,ABC408_PQR408@gmail.com,396967452
ABC468,PQR468,ABC468_PQR468@gmail.com,109357034
ABC165,PQR165,ABC165_PQR165@gmail.com,477351155
ABC485,PQR485,ABC485_PQR485@gmail.com,480064001
ABC473,PQR473,ABC473_PQR473@gmail.com,957728289
ABC327,PQR327,ABC327_PQR327@gmail.com,720606476
ABC369,PQR369,ABC369_PQR369@gmail.com,377851295
ABC258,PQR258,ABC258_PQR258@gmail.com,742627042
ABC309,PQR309,ABC309_PQR309@gmail.com,399396440
ABC388,PQR388,ABC388_PQR388@gmail.com,658878753
ABC232,PQR232,ABC232_PQR232@gmail.com,149738347
ABC382,PQR382,ABC382_PQR382@gmail.com,893730990
ABC115,PQR115,ABC115_PQR115@gmail.com,912302681
ABC498,PQR498,ABC498_PQR498@gmail.com,923742677
ABC500,PQR500,ABC500_PQR500@gmail.com,331733193
ABC304,PQR304,ABC304_PQR304@gmail.com,551581796
ABC298,PQR298,ABC298_PQR298@gmail.com,334362770
ABC216,PQR216,ABC216_PQR216@gmail.com,429582948
ABC131,PQR131,ABC131_PQR131@gmail.com,905726373
ABC403,PQR403,ABC403_PQR403@gmail.com,680409309
ABC428,PQR428,ABC428_PQR428@gmail.com,740998798
ABC466,PQR466,ABC466_PQR466@gmail.com,170145767
ABC230,PQR230,ABC230_PQR230@gmail.com,479424884
ABC335,PQR335,ABC335_PQR335@gmail.com,463289428
ABC171,PQR171,ABC171_PQR171@gmail.com,933975699
ABC362,PQR362,ABC362_PQR362@gmail.com,766799267
ABC461,PQR461,ABC461_PQR461@gmail.com,385589653
ABC171,PQR171,ABC171_PQR171@gmail.com,176328159
ABC491,PQR491,ABC491_PQR491@gmail.com,837002623
ABC418,PQR418,ABC418_PQR418@gmail.com,559536785
ABC157,PQR157,ABC157_PQR157@gmail.com,131382706
ABC260,PQR260,ABC260_PQR260@gmail.com,888078493
ABC322,PQR322,ABC322_PQR322@gmail.com,728211737
ABC105,PQR105,ABC105_PQR105@gmail.com,498064693
ABC399,PQR399,ABC399_PQR399@gmail.com,151518498
ABC459,PQR459,ABC459_PQR459@gmail.com,456574061
ABC387,PQR387,ABC387_PQR387@gmail.com,499894460
ABC381,PQR381,ABC381_PQR381@gmail.com,587081508
ABC372,PQR372,ABC372_PQR372@gmail.com,222377761
ABC190,PQR190,ABC190_PQR190@gmail.com,717713088
ABC386,PQR386,ABC386_PQR386@gmail.com,667511985
ABC118,PQR118,ABC118_PQR118@gmail.com,921444149
ABC405,PQR405,ABC405_PQR405@gmail.com,186960973
ABC443,PQR443,ABC443_PQR443@gmail.com,520559186
ABC385,PQR385,ABC385_PQR385@gmail.com,160049009
ABC127,PQR127,ABC127_PQR127@gmail.com,996340311
ABC249,PQR249,ABC249_PQR249@gmail.com,934305106
ABC450,PQR450,ABC450_PQR450@gmail.com,528647800
ABC358,PQR358,ABC358_PQR358@gmail.com,644982778
ABC390,PQR390,ABC390_PQR390@gmail.com,441257086
ABC315,PQR315,ABC315_PQR315@gmail.com,912804599
ABC159,PQR159,ABC159_PQR159@gmail.com,732287846
ABC181,PQR181,ABC181_PQR181@gmail.com,367488786
ABC433,PQR433,ABC433_PQR433@gmail.com,248767062
ABC481,PQR481,ABC481_PQR481@gmail.com,636856511
ABC126,PQR126,ABC126_PQR126@gmail.com,376956667
ABC337,PQR337,ABC337_PQR337@gmail.com,132821674
ABC198,PQR198,ABC198_PQR198@gmail.com,557979615
ABC168,PQR168,ABC168_PQR168@gmail.com,234820298
ABC500,PQR500,ABC500_PQR500@gmail.com,442623112
ABC321,PQR321,ABC321_PQR321@gmail.com,396256567
ABC466,PQR466,ABC466_PQR466@gmail.com,934671311
ABC377,PQR377,ABC377_PQR377@gmail.com,899530965
ABC276,PQR276,ABC276_PQR276@gmail.com,612479145
ABC203,PQR203,ABC203_PQR203@gmail.com,516043500
ABC140,PQR140,ABC140_PQR140@gmail.com,147915815
ABC375,PQR375,ABC375_PQR375@gmail.com,940981142
ABC446,PQR446,ABC446_PQR446@gmail.com,738770963
ABC279,PQR279,ABC279_PQR279@gmail.com,705982834
ABC100,PQR100,ABC100_PQR100@gmail.com,318911803
ABC326,PQR326,ABC326_PQR326@gmail.com,915417698
ABC306,PQR306,ABC306_PQR306@gmail.com,114534356
ABC246,PQR246,ABC246_PQR246@gmail.com,586877616
ABC192,PQR192,ABC192_PQR192@gmail.com,346726315
ABC121,PQR121,ABC121_PQR121@gmail.com,465258975
ABC183,PQR183,ABC183_PQR183@gmail.com,180895339
ABC314,PQR314,ABC314_PQR314@gmail.com,548980702
ABC103,PQR103,ABC103_PQR103@gmail.com,703541727
ABC421,PQR421,ABC421_PQR421@gmail.com,478143546
ABC270,PQR270,ABC270_PQR270@gmail.com,723080949
ABC319,PQR319,ABC319_PQR319@gmail.com,781227053
ABC479,PQR479,ABC479_PQR479@gmail.com,887073998
ABC190,PQR190,ABC190_PQR190@gmail.com,739422202
ABC461,PQR461,ABC461_PQR461@gmail.com,393320475
ABC421,PQR421,ABC421_PQR421@gmail.com,558414610
ABC447,PQR447,ABC447_PQR447@gmail.com,273582882
ABC201,PQR201,ABC201_PQR201@gmail.com,892231278
ABC112,PQR112,ABC112_PQR112@gmail.com,567661611
ABC349,PQR349,ABC349_PQR349@gmail.com,944887555
ABC168,PQR168,ABC168_PQR168@gmail.com,311045465
ABC452,PQR452,ABC452_PQR452@gmail.com,934217254
ABC391,PQR391,ABC391_PQR391@gmail.com,431014796
ABC152,PQR152,ABC152_PQR152@gmail.com,274710902
ABC293,PQR293,ABC293_PQR293@gmail.com,646050201
ABC288,PQR288,ABC288_PQR288@gmail.com,856903789
ABC238,PQR238,ABC238_PQR238@gmail.com,912878415
ABC182,PQR182,ABC182_PQR182@gmail.com,659398791
ABC206,PQR206,ABC206_PQR206@gmail.com,421899065
ABC403,PQR403,ABC403_PQR403@gmail.com,200853261
ABC306,PQR306,ABC306_PQR306@gmail.com,103327181
ABC208,PQR208,ABC208_PQR208@gmail.com,297670334
ABC408,PQR408,ABC408_PQR408@gmail.com,798282083
ABC243,PQR243,ABC243_PQR243@gmail.com,364025871
ABC236,PQR236,ABC236_PQR236@gmail.com,267448385
ABC396,PQR396,ABC396_PQR396@gmail.com,865916440
ABC220,PQR220,ABC220_PQR220@gmail.com,272304069
ABC286,PQR286,ABC286_PQR286@gmail.com,555161241
ABC316,PQR316,ABC316_PQR316@gmail.com,500228735
ABC404,PQR404,ABC404_PQR404@gmail.com,819159322
ABC433,PQR433,ABC433_PQR433@gmail.com,258581824
ABC382,PQR382,ABC382_PQR382@gmail.com,288770464
ABC374,PQR374,ABC374_PQR374@gmail.com,298683785
ABC208,PQR208,ABC208_PQR208@gmail.com,721830613
ABC453,PQR453,ABC453_PQR453@gmail.com,711668451
ABC330,PQR330,ABC330_PQR330@gmail.com,502922483
ABC418,PQR418,ABC418_PQR418@gmail.com,195977599
ABC303,PQR303,ABC303_PQR303@gmail.com,842126860
ABC397,PQR397,ABC397_PQR397@gmail.com,225142299
ABC425,PQR425,ABC425_PQR425@gmail.com,597058210
ABC160,PQR160,ABC160_PQR160@gmail.com,933347870
ABC183,PQR183,ABC183_PQR183@gmail.com,294570868
ABC314,PQR314,ABC314_PQR314@gmail.com,533557657
ABC475,PQR475,ABC475_PQR475@gmail.com,875329264
ABC110,PQR110,ABC110_PQR110@gmail.com,875680512
ABC407,PQR407,ABC407_PQR407@gmail.com,270629537
ABC432,PQR432,ABC432_PQR432@gmail.com,501198224
ABC348,PQR348,ABC348_PQR348@gmail.com,410918181
ABC311,PQR311,ABC311_PQR311@gmail.com,831441128
ABC469,PQR469,ABC469_PQR469@gmail.com,827666942
ABC335,PQR335,ABC335_PQR335@gmail.com,322616712
ABC112,PQR112,ABC112_PQR112@gmail.com,293727095
ABC452,PQR452,ABC452_PQR452@gmail.com,366628521
ABC453,PQR453,ABC453_PQR453@gmail.com,389320261
ABC196,PQR196,ABC196_PQR196@gmail.com,841617081
ABC351,PQR351,ABC351_PQR351@gmail.com,619450861
ABC370,PQR370,ABC370_PQR370@gmail.com,202500728
ABC255,PQR255,ABC255_PQR255@gmail.com,525420359
ABC396,PQR396,ABC396_PQR396@gmail.com,978859656
ABC449,PQR449,ABC449_PQR449@gmail.com,943911264
ABC140,PQR140,ABC140_PQR140@gmail.com,344804080
ABC319,PQR319,ABC319_PQR319@gmail.com,738734065
ABC299,PQR299,ABC299_PQR299@gmail.com,490458464
ABC154,PQR154,ABC154_PQR154@gmail.com,840246920
ABC330,PQR330,ABC330_PQR330@gmail.com,904319885
ABC422,PQR422,ABC422_PQR422@gmail.com,817986962
ABC292,PQR292,ABC292_PQR292@gmail.com,409373297
ABC327,PQR327,ABC327_PQR327@gmail.com,931245176
ABC199,PQR199,ABC199_PQR199@gmail.com,342879302
ABC426,PQR426,ABC426_PQR426@gmail.com,215417846
ABC200,PQR200,ABC200_PQR200@gmail.com,960958636
ABC248,PQR248,ABC248_PQR248@gmail.com,432408269
ABC286,PQR286,ABC286_PQR286@gmail.com,798485720
ABC416,PQR416,ABC416_PQR416@gmail.com,503192203
ABC500,PQR500,ABC500_PQR500@gmail.com,748158414
ABC236,PQR236,ABC236_PQR236@gmail.com,444157333
ABC312,PQR312,ABC312_PQR312@gmail.com,975729823
ABC333,PQR333,ABC333_PQR333@gmail.com,753539960
ABC435,PQR435,ABC435_PQR435@gmail.com,430145920
ABC162,PQR162,ABC162_PQR162@gmail.com,334955772
ABC450,PQR450,ABC450_PQR450@gmail.com,518737211
ABC155,PQR155,ABC155_PQR155@gmail.com,984392752
ABC190,PQR190,ABC190_PQR190@gmail.com,680330511
ABC240,PQR240,ABC240_PQR240@gmail.com,365713579
ABC262,PQR262,ABC262_PQR262@gmail.com,649464863
ABC470,PQR470,ABC470_PQR470@gmail.com,899029629
ABC174,PQR174,ABC174_PQR174@gmail.com,453147780
ABC136,PQR136,ABC136_PQR136@gmail.com,589090350
ABC456,PQR456,ABC456_PQR456@gmail.com,189657906
ABC279,PQR279,ABC279_PQR279@gmail.com,924255088
ABC232,PQR232,ABC232_PQR232@gmail.com,834522836
ABC159,PQR159,ABC159_PQR159@gmail.com,954983486
ABC285,PQR285,ABC285_PQR285@gmail.com,926886290
ABC234,PQR234,ABC234_PQR234@gmail.com,207771537
ABC326,PQR326,ABC326_PQR326@gmail.com,927367280
ABC326,PQR326,ABC326_PQR326@gmail.com,613464492
ABC117,PQR117,ABC117_PQR117@gmail.com,291865632
ABC499,PQR499,ABC499_PQR499@gmail.com,477724216
ABC490,PQR490,ABC490_PQR490@gmail.com,226186779
ABC459,PQR459,ABC459_PQR459@gmail.com,512354883
ABC162,PQR162,ABC162_PQR162@gmail.com,434882174
ABC140,PQR140,ABC140_PQR140@gmail.com,836389792
ABC368,PQR368,ABC368_PQR368@gmail.com,203159637
ABC146,PQR146,ABC146_PQR146@gmail.com,721908219
ABC469,PQR469,ABC469_PQR469@gmail.com,200567118
ABC407,PQR407,ABC407_PQR407@gmail.com,395550629
ABC238,PQR238,ABC238_PQR238@gmail.com,248293219
ABC261,PQR261,ABC261_PQR261@gmail.com,469870780
ABC174,PQR174,ABC174_PQR174@gmail.com,767618356
ABC350,PQR350,ABC350_PQR350@gmail.com,565965582
ABC310,PQR310,ABC310_PQR310@gmail.com,590134654
ABC289,PQR289,ABC289_PQR289@gmail.com,165390754
ABC146,PQR146,ABC146_PQR146@gmail.com,926308305
ABC125,PQR125,ABC125_PQR125@gmail.com,969709784
ABC172,PQR172,ABC172_PQR172@gmail.com,458915388
ABC428,PQR428,ABC428_PQR428@gmail.com,455139694
ABC411,PQR411,ABC411_PQR411@gmail.com,154930189
ABC121,PQR121,ABC121_PQR121@gmail.com,331262093
ABC366,PQR366,ABC366_PQR366@gmail.com,667037633
ABC200,PQR200,ABC200_PQR200@gmail.com,864086894
ABC241,PQR241,ABC241_PQR241@gmail.com,654645866
ABC258,PQR258,ABC258_PQR258@gmail.com,364436302
ABC498,PQR498,ABC498_PQR498@gmail.com,506055906
ABC128,PQR128,ABC128_PQR128@gmail.com,209036885
ABC384,PQR384,ABC384_PQR384@gmail.com,904327000
ABC157,PQR157,ABC157_PQR157@gmail.com,205503513
ABC141,PQR141,ABC141_PQR141@gmail.com,676701310
ABC457,PQR457,ABC457_PQR457@gmail.com,114769378
ABC430,PQR430,ABC430_PQR430@gmail.com,127672956
ABC297,PQR297,ABC297_PQR297@gmail.com,361685961
ABC311,PQR311,ABC311_PQR311@gmail.com,866126928
ABC118,PQR118,ABC118_PQR118@gmail.com,556056510
ABC111,PQR111,ABC111_PQR111@gmail.com,429736773
ABC156,PQR156,ABC156_PQR156@gmail.com,434772195
ABC144,PQR144,ABC144_PQR144@gmail.com,893727989
ABC123,PQR123,ABC123_PQR123@gmail.com,911359056
ABC471,PQR471,ABC471_PQR471@gmail.com,188504301
ABC236,PQR236,ABC236_PQR236@gmail.com,228585433
ABC253,PQR253,ABC253_PQR253@gmail.com,170227248
ABC224,PQR224,ABC224_PQR224@gmail.com,497851419
ABC360,PQR360,ABC360_PQR360@gmail.com,569926972
ABC206,PQR206,ABC206_PQR206@gmail.com,348061143
ABC155,PQR155,ABC155_PQR155@gmail.com,640671624
ABC399,PQR399,ABC399_PQR399@gmail.com,697316070
ABC331,PQR331,ABC331_PQR331@gmail.com,946911177
ABC456,PQR456,ABC456_PQR456@gmail.com,146289661
ABC210,PQR210,ABC210_PQR210@gmail.com,251432963
ABC358,PQR358,ABC358_PQR358@gmail.com,602204210
ABC110,PQR110,ABC110_PQR110@gmail.com,429858885
ABC388,PQR388,ABC388_PQR388@gmail.com,571200107
ABC411,PQR411,ABC411_PQR411@gmail.com,548553109
ABC475,PQR475,ABC475_PQR475@gmail.com,344272195
ABC411,PQR411,ABC411_PQR411@gmail.com,155223105
ABC294,PQR294,ABC294_PQR294@gmail.com,154704394
ABC441,PQR441,ABC441_PQR441@gmail.com,963523889
ABC311,PQR311,ABC311_PQR311@gmail.com,926413256
ABC272,PQR272,ABC272_PQR272@gmail.com,410819024
ABC307,PQR307,ABC307_PQR307@gmail.com,772330502
ABC235,PQR235,ABC235_PQR235@gmail.com,441009212
ABC127,PQR127,ABC127_PQR127@gmail.com,680851557
ABC255,PQR255,ABC255_PQR255@gmail.com,662975275
ABC231,PQR231,ABC231_PQR231@gmail.com,873535959
ABC170,PQR170,ABC170_PQR170@gmail.com,508451622
ABC220,PQR220,ABC220_PQR220@gmail.com,176527304
ABC110,PQR110,ABC110_PQR110@gmail.com,587684294
ABC451,PQR451,ABC451_PQR451@gmail.com,375626967
ABC135,PQR135,ABC135_PQR135@gmail.com,683796079
ABC310,PQR310,ABC310_PQR310@gmail.com,372256557
ABC221,PQR221,ABC221_PQR221@gmail.com,689088547
ABC469,PQR469,ABC469_PQR469@gmail.com,240504741
ABC116,PQR116,ABC116_PQR116@gmail.com,512009834
ABC332,PQR332,ABC332_PQR332@gmail.com,519303489
ABC418,PQR418,ABC418_PQR418@gmail.com,743809830
ABC312,PQR312,ABC312_PQR312@gmail.com,710043098
ABC194,PQR194,ABC194_PQR194@gmail.com,422236380
ABC170,PQR170,ABC170_PQR170@gmail.com,302242356
ABC161,PQR161,ABC161_PQR161@gmail.com,413403717
ABC342,PQR342,ABC342_PQR342@gmail.com,338690228
ABC425,PQR425,ABC425_PQR425@gmail.com,104699342
ABC409,PQR409,ABC409_PQR409@gmail.com,686481916
ABC158,PQR158,ABC158_PQR158@gmail.com,761459605
ABC165,PQR165,ABC165_PQR165@gmail.com,124074004
ABC188,PQR188,ABC188_PQR188@gmail.com,614230091
ABC274,PQR274,ABC274_PQR274@gmail.com,436486162
ABC197,PQR197,ABC197_PQR197@gmail.com,431758709
ABC258,PQR258,ABC258_PQR258@gmail.com,973473359
ABC265,PQR265,ABC265_PQR265@gmail.com,522006703
ABC249,PQR249,ABC249_PQR249@gmail.com,648272302
ABC434,PQR434,ABC434_PQR434@gmail.com,709540444
ABC158,PQR158,ABC158_PQR158@gmail.com,677359143
ABC279,PQR279,ABC279_PQR279@gmail.com,871745850
ABC275,PQR275,ABC275_PQR275@gmail.com,998445995
ABC431,PQR431,ABC431_PQR431@gmail.com,984314148
ABC459,PQR459,ABC459_PQR459@gmail.com,824904523
ABC119,PQR119,ABC119_PQR119@gmail.com,903663908
ABC235,PQR235,ABC235_PQR235@gmail.com,458690434
ABC270,PQR270,ABC270_PQR270@gmail.com,168325790
ABC452,PQR452,ABC452_PQR452@gmail.com,619933274
